3.553223609924316406e+00,3.799790382385253906e+00,7.462674617767333984e+00,1.000000000000000000e+00,-7.386459401459433138e-06,-5.949127444182522595e-05,-4.467715189093723893e-05
6.909353733062744141e+00,4.031464099884033203e+00,1.656681895256042480e+00,1.000000000000000000e+00,1.467518177378224209e-05,-2.252975173178128898e-05,-8.828665158944204450e-06
5.468179225921630859e+00,4.202498912811279297e+00,2.903313159942626953e+00,1.000000000000000000e+00,8.510072802891954780e-05,2.490091901563573629e-05,-6.057988503016531467e-05
2.932284832000732422e+00,4.997223854064941406e+00,3.164271116256713867e+00,1.000000000000000000e+00,2.698264688660856336e-05,-2.436560498608741909e-05,-3.925068995158653706e-06
2.918520450592041016e+00,3.153391122817993164e+00,2.786898612976074219e+00,1.000000000000000000e+00,-1.442096049686369952e-06,1.504098963778233156e-05,3.006172664754558355e-05
4.413700580596923828e+00,2.182892411947250366e-01,3.871072530746459961e+00,1.000000000000000000e+00,-1.541529309179168195e-05,4.527172677626367658e-06,1.788031767091524671e-07
6.772334098815917969e+00,7.288154363632202148e-01,4.901376724243164062e+00,1.000000000000000000e+00,7.724437455181032419e-05,3.062834730371832848e-05,-5.013011559640290216e-06
1.455793976783752441e+00,5.405536174774169922e+00,3.498873233795166016e+00,1.000000000000000000e+00,-1.416692612110637128e-05,-2.269704964419361204e-05,-1.252775405191641767e-06
2.439548969268798828e+00,3.680257558822631836e+00,1.301743507385253906e+00,9.999616146087646484e-01,-2.645727479830384254e-03,-5.931785330176353455e-03,-5.896984599530696869e-03
3.165736436843872070e+00,3.745923995971679688e+00,7.133654117584228516e+00,1.000000000000000000e+00,-2.065810986096039414e-05,5.360857176128774881e-05,-2.143453093594871461e-05
7.287214279174804688e+00,2.782004833221435547e+00,3.996170520782470703e+00,1.000000000000000000e+00,8.024227281566709280e-05,6.829753692727535963e-05,-7.637545786565169692e-05
1.506673574447631836e+00,4.516907215118408203e+00,1.806543946266174316e+00,1.000000000000000000e+00,-2.513273648219183087e-05,-5.754679659730754793e-05,-8.053253259276971221e-05
2.281069755554199219e+00,5.441924929618835449e-01,5.495201110839843750e+00,1.000000000000000000e+00,6.729686447215499356e-06,2.070488153549376875e-05,1.381656716148427222e-06
6.265737056732177734e+00,9.242446422576904297e-01,1.912140548229217529e-01,1.000000000000000000e+00,1.953760511241853237e-05,-6.022961770213441923e-06,2.247083784823189490e-06
5.517178058624267578e+00,6.750729084014892578e+00,3.977703332901000977e+00,1.000000000000000000e+00,6.100717200752114877e-06,8.582235750509425998e-05,-4.480568804865470156e-06
6.991671562194824219e+00,5.191509246826171875e+00,1.521299839019775391e+00,1.000000000000000000e+00,-2.584651338111143559e-05,1.156555845227558166e-05,-7.171015568019356579e-06
3.914509773254394531e+00,3.061655044555664062e+00,4.883218288421630859e+00,1.000000000000000000e+00,-2.956405069198808633e-06,2.821682573994621634e-05,2.581286935310345143e-06
2.812094211578369141e+00,4.469472885131835938e+00,3.869986534118652344e+00,1.000000000000000000e+00,-1.105232240661280230e-05,5.405782985690166242e-07,9.816426427278202027e-07
4.755675792694091797e+00,5.853034973144531250e+00,5.820930480957031250e+00,1.000000000000000000e+00,-5.177417551749385893e-05,5.318749026628211141e-05,-2.914676542786764912e-06
1.981898784637451172e+00,4.707139492034912109e+00,5.984694957733154297e+00,1.000000000000000000e+00,2.193957925555878319e-06,1.604324279469437897e-05,6.149445198389003053e-06
3.080098867416381836e+00,4.731543064117431641e+00,1.542471528053283691e+00,1.000000000000000000e+00,1.742029417073354125e-04,-1.560625532874837518e-04,6.103296618675813079e-05
2.422621488571166992e+00,2.507847070693969727e+00,4.600855827331542969e+00,1.000000000000000000e+00,-9.559685167914722115e-06,-6.568526714545441791e-06,3.873317837133072317e-06
3.841500759124755859e+00,6.511692047119140625e+00,4.912772402167320251e-02,1.000000000000000000e+00,-8.692206392879597843e-06,9.077447612071409822e-05,1.090171622308844235e-06
5.643545389175415039e-01,5.270898342132568359e+00,2.113773226737976074e-01,1.000000000000000000e+00,-8.964485459728166461e-06,-1.659306144574657083e-05,-6.612876313738524914e-05
7.346793651580810547e+00,4.024722099304199219e+00,3.211867094039916992e+00,1.000000000000000000e+00,-8.274778519989922643e-05,1.944053074112161994e-04,8.008823351701721549e-05
7.270446300506591797e+00,4.246280193328857422e+00,6.133217334747314453e+00,1.000000000000000000e+00,-7.504700533900177106e-06,-2.489670623617712408e-05,8.504449397150892764e-06
4.662452220916748047e+00,4.155970096588134766e+00,5.705863952636718750e+00,1.000000000000000000e+00,3.821543577942065895e-05,1.388149667036486790e-05,-1.914414042403222993e-06
6.387757778167724609e+00,3.871374130249023438e+00,2.317885875701904297e+00,1.000000000000000000e+00,-4.166188773524481803e-06,-1.381504407618194818e-04,-3.209685746696777642e-05
6.835439682006835938e+00,5.550681591033935547e+00,6.598435878753662109e+00,1.000000000000000000e+00,-7.815478056727442890e-06,-3.578119867597706616e-05,-1.788115014278446324e-06
3.834945917129516602e+00,1.992356419563293457e+00,3.776173114776611328e+00,1.000000000000000000e+00,-4.194780194666236639e-05,-2.197035792050883174e-05,1.302517739532049745e-05
4.644741058349609375e+00,4.328681468963623047e+00,2.548527240753173828e+00,1.000000000000000000e+00,4.453507062862627208e-05,2.366419175814371556e-05,-5.034329205955145881e-06
2.320024557411670685e-02,5.562934398651123047e+00,8.050422668457031250e-01,9.999995827674865723e-01,4.793382249772548676e-04,-3.607981780078262091e-04,-7.607118459418416023e-04
1.045171380043029785e+00,2.247972726821899414e+00,3.016436576843261719e+00,1.000000000000000000e+00,-1.299507221119711176e-05,-6.855908395664300770e-06,-1.705717949107565801e-07
6.130973815917968750e+00,3.348761558532714844e+00,6.382400512695312500e+00,1.000000000000000000e+00,2.062369458144530654e-05,-1.142967266787309200e-05,-2.266388264615670778e-06
7.492013931274414062e+00,7.078015327453613281e+00,2.272232532501220703e+00,1.000000000000000000e+00,-8.212617103708907962e-05,-6.735804345225915313e-05,3.974674200435401872e-06
1.596021771430969238e+00,3.217379331588745117e+00,1.784884333610534668e+00,1.000000000000000000e+00,9.165141091216355562e-05,-6.442342419177293777e-05,-1.380217145197093487e-05
7.012897014617919922e+00,6.280484199523925781e+00,5.952903747558593750e+00,1.000000000000000000e+00,-9.319602395407855511e-05,-4.458779585547745228e-06,5.127449753672408406e-07
6.658841609954833984e+00,5.793534278869628906e+00,3.678532123565673828e+00,1.000000000000000000e+00,-2.382487946306355298e-05,9.978911839425563812e-05,-4.451752829481847584e-06
6.519154548645019531e+00,2.406804323196411133e+00,5.546418666839599609e+00,1.000000000000000000e+00,-1.515578151156660169e-05,8.879298547981306911e-06,-1.359598354611080140e-05
5.880030155181884766e+00,7.443838119506835938e+00,4.370805263519287109e+00,1.000000000000000000e+00,2.130878419848158956e-05,3.729044328792952001e-05,-2.443122184558887966e-06
6.863523960113525391e+00,2.775912523269653320e+00,5.407837390899658203e+00,1.000000000000000000e+00,5.680931280949153006e-05,-7.464137161150574684e-05,-1.477467230870388448e-05
4.594736099243164062e+00,5.519394278526306152e-01,5.094260692596435547e+00,1.000000000000000000e+00,5.637441427097655833e-05,3.306161306682042778e-05,-6.061110298105631955e-07
1.910493850708007812e+00,3.046371459960937500e+00,1.384708642959594727e+00,1.000000000000000000e+00,2.491853083483874798e-04,-2.011445903917774558e-04,1.224105799337849021e-04
6.383625984191894531e+00,6.221144199371337891e+00,2.568044900894165039e+00,1.000000000000000000e+00,-6.406746251741424203e-05,2.850761484296526760e-05,-1.060575687006348744e-05
4.994453907012939453e+00,5.046153068542480469e+00,3.596648693084716797e+00,1.000000000000000000e+00,3.867022314807400107e-05,4.934385651722550392e-05,-2.351605144212953746e-05
1.438939452171325684e+00,2.592151880264282227e+00,2.085984706878662109e+00,1.000000000000000000e+00,-1.082033941202098504e-05,-1.692379737505689263e-05,2.289238000230398029e-05
6.111580848693847656e+00,5.717073917388916016e+00,4.720171451568603516e+00,1.000000000000000000e+00,-4.247355172992683947e-05,9.607471838535275310e-06,-6.396269895958539564e-07
6.501441001892089844e+00,1.140273064374923706e-01,4.793122768402099609e+00,1.000000000000000000e+00,-2.723145553318317980e-05,5.579047501669265330e-05,-3.905036919604754075e-06
6.809675693511962891e+00,1.636736989021301270e+00,2.842252254486083984e+00,1.000000000000000000e+00,-5.202343345445115119e-06,1.544774568174034357e-05,-5.945716111455112696e-06
1.141702309250831604e-01,1.973111778497695923e-01,7.245560884475708008e-01,1.000000000000000000e+00,1.931423321366310120e-05,-8.539109330740757287e-06,1.292394063057145104e-05
9.900858402252197266e-01,2.590199470520019531e+00,6.244691371917724609e+00,1.000000000000000000e+00,-5.769703784608282149e-05,-1.658513247093651444e-05,-2.872050117730395868e-07
2.903449058532714844e+00,3.977402687072753906e+00,2.273922443389892578e+00,1.000000000000000000e+00,-6.975809083087369800e-05,1.056974942912347615e-04,1.909700131363933906e-08
2.145460844039916992e+00,2.345881938934326172e+00,8.060406446456909180e-01,1.000000000000000000e+00,2.634371594467666000e-05,-1.071112492354586720e-04,4.275261380826123059e-05
5.720793724060058594e+00,6.228282451629638672e+00,3.395821332931518555e+00,1.000000000000000000e+00,-1.982582034543156624e-05,6.522733019664883614e-05,-1.099401197279803455e-05
6.216424942016601562e+00,5.504573345184326172e+00,6.061603546142578125e+00,1.000000000000000000e+00,-3.769801332964561880e-05,-1.392850117554189637e-05,-2.100897972923121415e-06
5.099737167358398438e+00,5.343637466430664062e+00,5.140170097351074219e+00,1.000000000000000000e+00,-5.741280619986355305e-05,8.358037121070083231e-06,-2.805267513394937851e-06
4.058478832244873047e+00,1.748615145683288574e+00,6.116711616516113281e+00,1.000000000000000000e+00,1.981284185603726655e-05,6.060582745703868568e-05,-2.706210352698690258e-06
2.243384122848510742e+00,5.778126239776611328e+00,2.764597177505493164e+00,1.000000000000000000e+00,4.130695015192031860e-05,8.208106919482816011e-06,-3.224486135877668858e-06
3.510799169540405273e+00,6.944513797760009766e+00,1.782389998435974121e+00,1.000000000000000000e+00,-1.746364978316705674e-05,-3.107045267825014889e-05,2.871643800972378813e-06
2.781718969345092773e+00,3.824490547180175781e+00,4.939280986785888672e+00,1.000000000000000000e+00,2.260369183204602450e-05,3.342413037898950279e-05,2.202848918386735022e-06
1.945225149393081665e-01,1.557386636734008789e+00,3.524538278579711914e+00,1.000000000000000000e+00,6.071081588743254542e-05,6.538936759170610458e-06,-8.503498975187540054e-06
3.828667640686035156e+00,6.298143267631530762e-01,3.947860956192016602e+00,1.000000000000000000e+00,-2.779739588731899858e-06,5.016470458940602839e-05,2.482395302649820223e-06
1.311592221260070801e+00,8.086383342742919922e-01,2.706875801086425781e+00,1.000000000000000000e+00,4.990887828171253204e-05,-3.008274870808236301e-05,6.123509137978544459e-06
7.075834751129150391e+00,5.562460899353027344e+00,3.731563091278076172e+00,1.000000000000000000e+00,-6.609310366911813617e-05,-3.447520430199801922e-05,-1.122273374676296953e-06
4.161846339702606201e-01,5.536548420786857605e-02,6.137435913085937500e+00,1.000000000000000000e+00,-2.805254916893318295e-05,-1.445548491574299987e-06,2.036253363257856108e-06
2.577187061309814453e+00,7.906977534294128418e-01,5.924720168113708496e-01,1.000000000000000000e+00,-1.494077423558337614e-05,-7.786518835928291082e-05,7.131176971597597003e-06
3.354630231857299805e+00,1.775831222534179688e+00,7.179285526275634766e+00,1.000000000000000000e+00,-1.456040172342909500e-05,-9.762200534169096500e-06,-4.318996616348158568e-06
6.313377380371093750e+00,3.670769929885864258e-01,7.308799266815185547e+00,1.000000000000000000e+00,3.223984458600170910e-05,-5.981150025036185980e-05,1.635321154935809318e-06
6.232652187347412109e+00,6.705753803253173828e+00,2.654560327529907227e+00,1.000000000000000000e+00,3.936709981644526124e-05,7.570955494884401560e-05,-6.498307811853010207e-06
1.490401387214660645e+00,6.381854414939880371e-01,3.127791166305541992e+00,1.000000000000000000e+00,-1.363317096547689289e-05,-7.653726788703352213e-05,3.338371698191622272e-06
1.946069478988647461e+00,1.691941499710083008e+00,1.879380433820188046e-03,1.000000000000000000e+00,-3.821634163614362478e-05,-4.666984239065641304e-07,5.145852810528595001e-06
3.334277153015136719e+00,6.038330554962158203e+00,4.463671207427978516e+00,1.000000000000000000e+00,-1.607663216418586671e-05,4.561405876302160323e-05,-9.582004878438965534e-08
9.010931253433227539e-01,6.714744567871093750e+00,3.983892679214477539e+00,1.000000000000000000e+00,-1.068566143658244982e-05,-2.704445250856224447e-05,1.031567535392241552e-06
5.188096165657043457e-01,5.271424770355224609e+00,4.476013183593750000e+00,1.000000000000000000e+00,-6.688928988296538591e-05,-4.460337004275061190e-05,1.171775966213317588e-05
2.839863777160644531e+00,3.735003948211669922e+00,4.433458805084228516e+00,1.000000000000000000e+00,-2.034822864516172558e-05,2.868723095161840320e-05,3.155022113787708804e-06
2.782045364379882812e+00,7.554090619087219238e-01,5.256083488464355469e+00,1.000000000000000000e+00,2.002972905756905675e-05,-3.052959800697863102e-05,1.126565621234476566e-06
7.339294433593750000e+00,2.259052544832229614e-02,2.239507436752319336e+00,1.000000000000000000e+00,9.644086821936070919e-05,2.586917980806902051e-05,6.180094715091399848e-06
2.028290748596191406e+00,2.926711320877075195e+00,7.241943836212158203e+00,1.000000000000000000e+00,-2.957414835691452026e-06,-2.546554605942219496e-05,-5.080477876617806032e-06
5.520356655120849609e+00,3.642111063003540039e+00,4.808502197265625000e+00,1.000000000000000000e+00,2.594208297068689717e-07,-4.026489114039577544e-05,-5.035456979385344312e-06
6.488405704498291016e+00,1.191738843917846680e+00,5.399732589721679688e+00,1.000000000000000000e+00,1.171922576759243384e-05,3.014258436451200396e-05,-6.316023245744872838e-06
6.206385046243667603e-02,2.305696964263916016e+00,3.651042461395263672e+00,1.000000000000000000e+00,3.904112600139342248e-05,5.602207238553091884e-05,-3.033830762433353812e-05
5.596303939819335938e-01,4.879061222076416016e+00,1.812108874320983887e+00,1.000000000000000000e+00,5.094218067824840546e-05,-9.401500392414163798e-06,-2.330975985387340188e-05
1.908943295478820801e+00,2.527228593826293945e-01,6.275642871856689453e+00,1.000000000000000000e+00,-1.068586698238505051e-05,2.485801360307959840e-06,2.317973894605529495e-06
2.826331377029418945e+00,7.226763248443603516e+00,1.348648548126220703e+00,1.000000000000000000e+00,-9.012132409225159790e-07,1.201803024741820991e-05,5.966178832750301808e-06
2.153084278106689453e+00,4.510856628417968750e+00,6.548231244087219238e-01,1.000000000000000000e+00,2.946431050077080727e-04,2.003155386773869395e-04,1.865558151621371508e-04
6.045983791351318359e+00,4.180875778198242188e+00,4.219503879547119141e+00,1.000000000000000000e+00,-5.930105544393882155e-06,-4.756943781103473157e-06,1.387658357998589054e-05
2.473127096891403198e-02,1.127020835876464844e+00,3.788374423980712891e+00,1.000000000000000000e+00,-8.815523869998287410e-06,5.893860725336708128e-05,-9.415477506991010159e-06
7.326313018798828125e+00,5.772134304046630859e+00,5.205568075180053711e-01,9.999839663505554199e-01,-2.245214564027264714e-04,2.557645086199045181e-03,-5.055840592831373215e-03
3.993407487869262695e+00,1.445986032485961914e-01,8.398234844207763672e-01,1.000000000000000000e+00,9.740337191033177078e-06,3.491839379421435297e-06,1.976064595510251820e-06
4.366825103759765625e+00,4.404956698417663574e-01,5.993576049804687500e+00,1.000000000000000000e+00,3.856596322293626145e-06,4.178961171419359744e-05,-1.349017793472739868e-06
2.316289901733398438e+00,4.355531334877014160e-01,1.224279046058654785e+00,1.000000000000000000e+00,-4.534487288765376434e-06,-3.021921656909398735e-05,8.395982149522751570e-06
2.949892580509185791e-01,4.821335315704345703e+00,2.896700382232666016e+00,1.000000000000000000e+00,8.048112249525729567e-06,-1.182011601486010477e-05,-3.657727347672334872e-06
6.244621753692626953e+00,3.682332992553710938e+00,3.442690372467041016e+00,9.999879002571105957e-01,-2.979493932798504829e-03,-2.974267583340406418e-03,2.552754711359739304e-03
1.046072363853454590e+00,6.858463764190673828e+00,4.769575119018554688e+00,1.000000000000000000e+00,-3.321511394460685551e-05,-3.228402056265622377e-05,1.008681238090503030e-06
7.347916126251220703e+00,6.714047431945800781e+00,7.492681741714477539e-01,1.000000000000000000e+00,-9.461901754548307508e-06,-4.248552068020217121e-05,1.007347891572862864e-04
3.331461906433105469e+00,2.315274000167846680e+00,5.661794543266296387e-01,1.000000000000000000e+00,-3.634858876466751099e-05,-3.974828723585233092e-05,-1.341683582722907886e-05
3.802060604095458984e+00,6.440134048461914062e+00,4.676605224609375000e+00,1.000000000000000000e+00,7.934696441225241870e-06,2.745584606600459665e-05,-1.022085257318394724e-06
7.709169387817382812e-01,2.989617109298706055e+00,6.369116783142089844e+00,1.000000000000000000e+00,5.672687984770163894e-05,3.507887231535278261e-05,1.491338480263948441e-06
2.140093326568603516e+00,3.162565708160400391e+00,3.156837463378906250e+00,1.000000000000000000e+00,-1.873902078841638286e-06,5.122032962390221655e-05,1.012178836390376091e-05
2.189052820205688477e+00,3.866598129272460938e+00,2.106622606515884399e-01,1.000000000000000000e+00,-6.090690294513478875e-05,1.828394888434559107e-04,7.002359052421525121e-05
5.179906368255615234e+00,1.427494764328002930e+00,4.773018360137939453e+00,1.000000000000000000e+00,4.915143290418200195e-05,3.814638330368325114e-05,-3.612219416027073748e-06
1.921540379524230957e+00,2.992310225963592529e-01,4.020182132720947266e+00,1.000000000000000000e+00,3.371626007719896734e-05,-2.393060094618704170e-05,9.129059321821841877e-07
5.557194352149963379e-01,1.337046384811401367e+00,4.048113346099853516e+00,1.000000000000000000e+00,3.225405816920101643e-05,-6.150414264993742108e-05,-4.092180915904464200e-06
7.043928146362304688e+00,6.897682666778564453e+00,2.715118646621704102e+00,1.000000000000000000e+00,-3.150839984300546348e-05,1.748807335388846695e-05,-5.574635792982007843e-07
3.344105482101440430e+00,2.835457563400268555e+00,5.937994003295898438e+00,1.000000000000000000e+00,5.497149686561897397e-06,1.674854320299346000e-05,-3.818469849647954106e-06
7.219900131225585938e+00,3.052612066268920898e+00,4.485237598419189453e+00,1.000000000000000000e+00,1.121144014177843928e-04,4.770272789755836129e-05,-4.068453563377261162e-05
4.468249797821044922e+00,2.796675682067871094e+00,7.375863075256347656e+00,1.000000000000000000e+00,-1.254829658137168735e-05,1.726307527860626578e-05,-1.535885894554667175e-05
5.413730621337890625e+00,7.070353984832763672e+00,7.126822948455810547e+00,1.000000000000000000e+00,-6.369398033712059259e-05,-1.097940730687696487e-05,-4.964096660842187703e-06
4.805235385894775391e+00,4.832572460174560547e+00,1.948959589004516602e+00,1.000000000000000000e+00,5.723008871427737176e-05,-7.650717634533066303e-06,-1.360375063086394221e-05
2.527835607528686523e+00,2.689272165298461914e+00,2.957430601119995117e+00,1.000000000000000000e+00,-6.504508201032876968e-05,2.842650974343996495e-05,2.584250614745542407e-05
5.000061988830566406e+00,3.575603961944580078e+00,4.405950546264648438e+00,1.000000000000000000e+00,1.267638708668528125e-05,6.694757030345499516e-05,9.805697118281386793e-06
7.055011749267578125e+00,4.008343219757080078e+00,7.738634943962097168e-02,1.000000000000000000e+00,5.372510349843651056e-05,-1.733645331114530563e-05,1.565754246257711202e-05
7.819527983665466309e-01,3.215022563934326172e+00,7.372905254364013672e+00,1.000000000000000000e+00,2.904319808294530958e-05,-8.277355846075806767e-06,8.824522410577628762e-07
5.973267555236816406e+00,1.444893598556518555e+00,1.681851983070373535e+00,1.000000000000000000e+00,5.008043808629736304e-05,-1.502713803347432986e-05,3.434558720982749946e-06
1.456012129783630371e+00,3.785404920578002930e+00,2.966703653335571289e+00,1.000000000000000000e+00,-3.886352351401001215e-05,7.764757174300029874e-05,-7.273180017364211380e-06
1.310724914073944092e-01,1.109553456306457520e+00,2.318039178848266602e+00,1.000000000000000000e+00,1.194281230709748343e-05,8.882552720024250448e-07,1.154692995442019310e-06
6.012346267700195312e+00,5.601418018341064453e+00,5.453540325164794922e+00,1.000000000000000000e+00,-3.929167360183782876e-05,-7.178669875429477543e-06,-2.710676767492259387e-07
5.481703281402587891e+00,1.217867970466613770e+00,5.762923717498779297e+00,1.000000000000000000e+00,-1.955298830580431968e-05,-5.531860733754001558e-05,-5.868492280569626018e-06
1.737785100936889648e+00,7.162946224212646484e+00,1.101603746414184570e+00,1.000000000000000000e+00,-2.143545498256571591e-05,-5.535228046937845647e-05,5.610718744719633833e-06
2.506869554519653320e+00,8.387537002563476562e-01,6.903136253356933594e+00,1.000000000000000000e+00,-3.616986987253767438e-06,-3.666702832560986280e-05,2.180372575821820647e-06
1.957567632198333740e-01,7.430576801300048828e+00,5.032637119293212891e+00,1.000000000000000000e+00,-1.965220290003344417e-04,-7.613039633724838495e-05,-3.686769559863023460e-06
3.963284254074096680e+00,2.414693593978881836e+00,1.796649217605590820e+00,1.000000000000000000e+00,-4.531519152806140482e-06,2.069582842523232102e-05,9.574834621162153780e-06
6.843896389007568359e+00,5.458814144134521484e+00,2.016267538070678711e+00,1.000000000000000000e+00,2.310449417564086616e-05,2.378748285991605371e-05,-1.453106233384460211e-05
1.897018074989318848e+00,1.088548302650451660e+00,3.819733560085296631e-01,1.000000000000000000e+00,-3.124896466033533216e-05,-1.373878330923616886e-05,6.261933322093682364e-06
3.126945972442626953e+00,2.014143466949462891e+00,5.181579113006591797e+00,1.000000000000000000e+00,-1.813287599361501634e-05,1.935665204655379057e-05,1.142989162872254383e-06
4.512871742248535156e+00,2.792030096054077148e+00,5.584340095520019531e+00,1.000000000000000000e+00,6.083010521251708269e-05,7.529995855293236673e-06,-2.080604417642462067e-06
4.675055027008056641e+00,3.048100709915161133e+00,4.980186223983764648e-01,1.000000000000000000e+00,9.407556353835389018e-05,2.918645259342156351e-05,-2.125780338246840984e-05
1.740332722663879395e+00,2.226953029632568359e+00,6.142459869384765625e+00,1.000000000000000000e+00,-1.630187580303754658e-05,-1.954547951754648238e-05,5.683698418579297140e-07
2.571502685546875000e+00,5.134042739868164062e+00,1.252006411552429199e+00,1.000000000000000000e+00,1.425464433850720525e-04,-1.946120937645900995e-05,6.553086132043972611e-05
5.007738590240478516e+00,1.366611719131469727e+00,6.562172889709472656e+00,1.000000000000000000e+00,1.315074678132077679e-05,2.201713323302101344e-05,-6.035615115251857787e-06
5.700160503387451172e+00,4.015090942382812500e+00,2.614760100841522217e-01,1.000000000000000000e+00,8.300285117002204061e-05,9.738949302118271589e-06,-3.517282038956182078e-06
1.006101369857788086e+00,2.317415714263916016e+00,1.466522336006164551e+00,1.000000000000000000e+00,8.464363077109737787e-07,1.808795059332624078e-05,9.077338290808256716e-06
5.389537811279296875e+00,3.252676010131835938e+00,6.230543613433837891e+00,1.000000000000000000e+00,1.019669798552058637e-05,1.370888548990478739e-05,-4.837756023334804922e-06
1.129968762397766113e+00,7.462611675262451172e+00,1.448416709899902344e+00,1.000000000000000000e+00,2.665199644980020821e-05,7.389660822809673846e-06,5.908952516620047390e-06
6.314405441284179688e+00,6.646713733673095703e+00,4.897978782653808594e+00,1.000000000000000000e+00,-1.752607204252853990e-05,-1.234621959156356752e-05,-1.918149337143404409e-06
6.080586910247802734e+00,6.627718448638916016e+00,4.183471202850341797e+00,1.000000000000000000e+00,-8.301874004246201366e-06,1.816294911805016454e-06,-5.756445716542657465e-06
1.286641836166381836e+00,7.696740031242370605e-01,3.933636188507080078e+00,1.000000000000000000e+00,1.122656976804137230e-05,-2.748412407527212054e-05,2.904617417698318604e-07
5.354535579681396484e+00,6.992763996124267578e+00,6.034124851226806641e+00,1.000000000000000000e+00,1.029857594403438270e-05,-1.645274824113585055e-05,-3.239935722376685590e-06
5.416134357452392578e+00,2.916336953639984131e-01,1.428759191185235977e-02,1.000000000000000000e+00,1.762935717124491930e-04,-4.767243353853700683e-06,1.760568125064310152e-06
4.671853542327880859e+00,6.180895805358886719e+00,5.076275348663330078e+00,1.000000000000000000e+00,3.900387673638761044e-05,2.653382352946209721e-06,-3.315994035801850259e-06
6.754106998443603516e+00,4.386067867279052734e+00,6.591034889221191406e+00,1.000000000000000000e+00,1.064102616510353982e-05,1.113328653445933014e-05,9.072838111023884267e-06
5.596428513526916504e-01,3.518760681152343750e+00,1.476798295974731445e+00,1.000000000000000000e+00,3.121902773273177445e-05,-3.574802030925638974e-05,-2.274503276566974819e-05
2.380492836236953735e-01,4.115406990051269531e+00,7.131516933441162109e+00,1.000000000000000000e+00,2.981635770993307233e-05,-4.377122240839526057e-05,9.197224244417157024e-06
2.944383144378662109e+00,1.734115958213806152e+00,3.201855182647705078e+00,1.000000000000000000e+00,-2.846380994014907628e-05,2.729868720052763820e-05,1.329938913841033354e-05
3.567986965179443359e+00,4.692244529724121094e+00,2.869098901748657227e+00,1.000000000000000000e+00,2.517770735721569508e-05,-3.156788807245902717e-05,-2.101494374073809013e-06
5.498288631439208984e+00,7.000345230102539062e+00,5.357796192169189453e+00,1.000000000000000000e+00,3.729406671482138336e-06,6.858093684058985673e-07,-2.956538310172618367e-06
1.369202375411987305e+00,5.577524185180664062e+00,5.812920331954956055e-01,1.000000000000000000e+00,2.254483661090489477e-05,-2.775072607619222254e-05,-1.483896812715101987e-05
1.448118329048156738e+00,6.840958595275878906e+00,5.447502613067626953e+00,1.000000000000000000e+00,-3.023118370037991554e-05,-4.092524704901734367e-06,1.742546146488166414e-06
8.941944241523742676e-01,2.846885919570922852e-01,2.780053853988647461e+00,1.000000000000000000e+00,-3.666277552838437259e-05,-8.506739504809956998e-06,1.616454824215907138e-06
5.768225789070129395e-01,3.097241878509521484e+00,4.449513852596282959e-01,1.000000000000000000e+00,-1.915739812829997391e-05,-4.627883299690438434e-06,-2.487083065716433339e-06
7.390890121459960938e+00,1.558499634265899658e-01,4.865971088409423828e+00,1.000000000000000000e+00,-4.383894702186807990e-05,5.621348100248724222e-05,-5.045886609877925366e-06
5.190320968627929688e+00,7.434327602386474609e+00,4.091895818710327148e-01,1.000000000000000000e+00,-3.345500226714648306e-05,7.568381261080503464e-05,-2.496602746759890579e-06
1.275947332382202148e+00,2.920418024063110352e+00,4.991894364356994629e-01,1.000000000000000000e+00,8.202273602364584804e-05,5.910542881792935077e-07,-3.860982360492926091e-06
6.745269298553466797e+00,5.342129230499267578e+00,3.043823242187500000e+00,1.000000000000000000e+00,-2.485611730662640184e-05,3.932923573302105069e-05,-2.139524622180033475e-05
3.502328872680664062e+00,3.635685920715332031e+00,3.789903879165649414e+00,1.000000000000000000e+00,-2.228024413852836005e-06,1.085239637177437544e-05,7.239797923830337822e-06
2.466260671615600586e+00,5.388592720031738281e+00,5.144279003143310547e+00,1.000000000000000000e+00,1.704293254078947939e-06,1.355266431346535683e-05,2.509207433831761591e-06
4.182161808013916016e+00,6.504082679748535156e+00,7.335145950317382812e+00,1.000000000000000000e+00,-4.738081770483404398e-06,-3.993189966422505677e-05,8.031756237869558390e-07
6.028504848480224609e+00,2.150780200958251953e+00,4.787291049957275391e+00,1.000000000000000000e+00,3.944307172787375748e-05,-1.348588284599827603e-05,-2.202963514719158411e-05
2.942538976669311523e+00,6.801755905151367188e+00,7.141623973846435547e+00,1.000000000000000000e+00,-1.980649540200829506e-05,3.516814103932119906e-05,4.582300789479631931e-06
7.114588260650634766e+00,6.664288997650146484e+00,6.036746978759765625e+00,1.000000000000000000e+00,8.453065674984827638e-05,-4.287208503228612244e-05,7.087108997438917868e-07
6.662919521331787109e+00,3.611943960189819336e+00,5.541101098060607910e-01,1.000000000000000000e+00,5.965146192465908825e-05,8.115910895867273211e-05,7.177666248026071116e-06
2.416083097457885742e+00,3.152814149856567383e+00,5.445413112640380859e+00,1.000000000000000000e+00,-2.929551556007936597e-06,1.348804198642028496e-05,1.057194367604097351e-06
4.325304508209228516e+00,7.136060714721679688e+00,3.357558250427246094e+00,1.000000000000000000e+00,-2.964491613965947181e-05,2.100949859595857561e-05,-1.172317183772975113e-06
4.060168266296386719e+00,4.129706859588623047e+00,4.737737178802490234e+00,1.000000000000000000e+00,6.478302566392812878e-06,-3.526632099237758666e-06,7.247065809679043014e-07
3.582895040512084961e+00,4.435575962066650391e+00,4.808472156524658203e+00,1.000000000000000000e+00,5.248924207990057766e-05,4.541848466033115983e-05,9.875612931864452548e-07
3.355774641036987305e+00,6.438063144683837891e+00,2.973638176918029785e-01,1.000000000000000000e+00,-4.506707045948132873e-05,7.861478661652654409e-05,6.509084869321668521e-06
5.546483993530273438e+00,6.819302082061767578e+00,1.598428845405578613e+00,1.000000000000000000e+00,-2.060275437543168664e-05,3.738196392077952623e-05,-6.129120720288483426e-06
1.742147445678710938e+00,2.917249679565429688e+00,2.574771940708160400e-01,1.000000000000000000e+00,3.895940608344972134e-05,-5.850723755429498851e-05,1.770850701632298296e-07
1.839097976684570312e+00,1.844940304756164551e+00,3.892609119415283203e+00,1.000000000000000000e+00,-1.256271480087889358e-05,-1.940832589752972126e-05,3.727610419446136802e-06
7.574197649955749512e-02,6.807983517646789551e-01,3.397221565246582031e+00,1.000000000000000000e+00,-4.108610664843581617e-05,1.310664811171591282e-05,-3.210625209248973988e-06
9.495718777179718018e-02,2.862484931945800781e+00,4.564059257507324219e+00,1.000000000000000000e+00,1.075903219316387549e-05,-9.020134893944486976e-05,-1.467129823140567169e-05
5.863901138305664062e+00,1.162833333015441895e+00,1.503761410713195801e+00,1.000000000000000000e+00,-1.393737911712378263e-04,6.365744775393977761e-05,1.606170371815096587e-06
6.514415264129638672e+00,1.743491291999816895e+00,5.184100866317749023e-01,1.000000000000000000e+00,-1.224323386850301176e-05,1.391205046274990309e-06,1.623090838620555587e-06
5.988914489746093750e+00,2.909345626831054688e+00,9.480301141738891602e-01,1.000000000000000000e+00,3.051813473575748503e-05,-1.283532128582010046e-05,6.308106890173803549e-07
4.674829483032226562e+00,4.008849143981933594e+00,5.292083263397216797e+00,1.000000000000000000e+00,-1.129783140640938655e-05,4.513199201028328389e-06,-1.100293502531712875e-06
2.660206079483032227e+00,3.793992757797241211e+00,1.090213537216186523e+00,9.999606609344482422e-01,-2.565272385254502296e-03,-6.123465951532125473e-03,-5.894511006772518158e-03
2.821231126785278320e+00,5.014328002929687500e+00,4.205042362213134766e+00,1.000000000000000000e+00,4.913529119221493602e-05,1.252695255971048027e-05,1.001755620677613479e-07
1.117598176002502441e+00,2.537756919860839844e+00,3.601241588592529297e+00,1.000000000000000000e+00,2.692167436180170625e-05,-9.876303374767303467e-05,8.008760943312154268e-08
5.621820449829101562e+00,2.396459102630615234e+00,1.991139292716979980e+00,1.000000000000000000e+00,-3.127662785118445754e-05,2.484087417542468756e-05,1.725702350086066872e-05
4.939306735992431641e+00,5.473621368408203125e+00,7.012989521026611328e-01,1.000000000000000000e+00,-4.897922849522728939e-07,1.174787939817178994e-05,-1.138629431807203218e-05
5.894753932952880859e+00,9.755029082298278809e-01,4.328442096710205078e+00,1.000000000000000000e+00,1.570806489326059818e-05,7.097180059645324945e-06,-5.448147476272424683e-06
4.610676765441894531e+00,1.988802075386047363e+00,4.187060296535491943e-01,1.000000000000000000e+00,-4.683134829974733293e-05,9.144752766587771475e-06,-6.155274604680016637e-06
5.273128032684326172e+00,6.000643253326416016e+00,6.067303180694580078e+00,1.000000000000000000e+00,-2.122044134011957794e-05,-4.444443038664758205e-05,-4.485069439397193491e-06
1.392979383468627930e+00,8.905926942825317383e-01,6.493761062622070312e+00,1.000000000000000000e+00,1.285978851228719577e-05,-5.521355433302232996e-06,2.271738594572525471e-06
3.074569068849086761e-02,5.825185298919677734e+00,4.766353607177734375e+00,1.000000000000000000e+00,6.742475761711830273e-06,1.401381450705230236e-05,8.666992471262346953e-06
6.846123695373535156e+00,1.656189084053039551e+00,1.227896213531494141e+00,1.000000000000000000e+00,-6.618419138249009848e-05,-4.022657594759948552e-05,2.608605655041174032e-06
5.670385837554931641e+00,5.616480827331542969e+00,1.385706961154937744e-01,1.000000000000000000e+00,-1.401778490617289208e-06,6.105844931880710647e-06,-3.195782483089715242e-05
6.839759826660156250e+00,3.218802213668823242e+00,5.173710584640502930e-01,1.000000000000000000e+00,-1.237452233908697963e-04,-3.774430297198705375e-05,1.839556830418587197e-06
1.014474749565124512e+00,1.049464225769042969e+00,7.406757473945617676e-01,1.000000000000000000e+00,-8.098995749605819583e-06,5.026416329201310873e-05,8.638138751848600805e-06
5.736474990844726562e+00,2.543325185775756836e+00,7.492727041244506836e-01,1.000000000000000000e+00,-7.940993236843496561e-05,4.078608253621496260e-05,-1.342548671345866751e-06
8.507629036903381348e-01,2.708359360694885254e-01,5.180117130279541016e+00,1.000000000000000000e+00,1.620973125682212412e-05,-1.007728496915660799e-04,6.943799348846368957e-07
4.659482955932617188e+00,3.133989810943603516e+00,1.388844251632690430e+00,1.000000000000000000e+00,1.553538822918199003e-05,5.868690550414612517e-06,-1.023242748487973586e-05
4.335847854614257812e+00,6.740559577941894531e+00,5.751327991485595703e+00,1.000000000000000000e+00,-1.075159980246098712e-05,5.807311754324473441e-05,-6.306800628408382181e-07
3.529564380645751953e+00,2.220585584640502930e+00,3.756844520568847656e+00,1.000000000000000000e+00,6.427972402889281511e-05,1.291026419494301081e-04,1.555173548695165664e-05
1.846478939056396484e+00,6.661319732666015625e+00,5.942817211151123047e+00,1.000000000000000000e+00,-7.047711551422253251e-05,2.007763760047964752e-05,1.344931661151349545e-06
5.384362697601318359e+00,1.320756912231445312e+00,2.934942483901977539e+00,1.000000000000000000e+00,-1.993665864574722946e-05,-4.031799107906408608e-05,7.248667316162027419e-06
4.445878982543945312e+00,5.798452854156494141e+00,5.267403125762939453e+00,1.000000000000000000e+00,-8.093799260677769780e-05,1.004579462460242212e-04,-4.589563559420639649e-06
6.619732379913330078e+00,2.210481166839599609e+00,1.619120597839355469e+00,1.000000000000000000e+00,-2.399874028924386948e-05,6.166171260701958090e-06,3.521838607412064448e-06
7.359509944915771484e+00,2.581971168518066406e+00,1.669775247573852539e+00,1.000000000000000000e+00,9.094958841160405427e-06,-2.741053140198346227e-05,-8.507487336828489788e-07
2.596157312393188477e+00,5.135774612426757812e+00,6.319283485412597656e+00,1.000000000000000000e+00,1.309774415858555585e-05,-5.763360150012886152e-06,7.922747499833349138e-06
6.163671493530273438e+00,7.350279331207275391e+00,7.311193466186523438e+00,1.000000000000000000e+00,-6.758295057807117701e-05,-5.118483750266022980e-05,-1.687649614723341074e-06
7.153260111808776855e-01,4.604210853576660156e+00,2.189454555511474609e+00,1.000000000000000000e+00,-3.254096736782230437e-05,-3.854792157653719187e-05,-2.225731441285461187e-05
7.216804981231689453e+00,6.686115264892578125e+00,1.318670392036437988e+00,1.000000000000000000e+00,-1.616939334780909121e-05,-3.743969864444807172e-05,3.955973079428076744e-05
4.777997493743896484e+00,5.775472640991210938e+00,6.621918678283691406e+00,1.000000000000000000e+00,-7.631094194948673248e-05,3.317182199680246413e-05,-3.483672799120540731e-06
1.604477882385253906e+00,3.919544458389282227e+00,2.638474702835083008e+00,1.000000000000000000e+00,9.649846106185577810e-06,-1.594884633959736675e-05,-2.914246942964382470e-05
1.951842069625854492e+00,1.446352362632751465e+00,8.013901710510253906e-01,1.000000000000000000e+00,6.604004738619551063e-06,-4.560155139188282192e-05,1.381385573040461168e-05
5.395569324493408203e+00,7.445225238800048828e+00,4.578100889921188354e-02,1.000000000000000000e+00,-8.966324094217270613e-05,-1.453185359423514456e-05,7.783312867104541510e-06
4.796458721160888672e+00,1.357389688491821289e+00,7.192062854766845703e+00,1.000000000000000000e+00,2.401592246314976364e-05,7.389478469121968374e-06,-2.291191776748746634e-06
4.603537082672119141e+00,2.275766134262084961e-01,4.836359024047851562e+00,1.000000000000000000e+00,-8.240554598160088062e-05,2.229365236416924745e-05,-9.468955113334232010e-07
4.551314830780029297e+00,7.868263125419616699e-01,6.828907966613769531e+00,1.000000000000000000e+00,-2.196413697674870491e-05,4.254552550264634192e-05,-1.874514396149606910e-06
3.679120540618896484e+00,1.507415652275085449e+00,1.768126726150512695e+00,1.000000000000000000e+00,-7.155751518439501524e-06,1.517298460385063663e-05,1.232496833836194128e-05
1.627126216888427734e+00,7.150990962982177734e+00,2.185094118118286133e+00,1.000000000000000000e+00,-5.401843282015761361e-06,-5.151592267793603241e-05,2.584743242550757714e-06
3.139121830463409424e-02,2.536869764328002930e+00,2.166454792022705078e+00,1.000000000000000000e+00,6.635493718931684271e-06,-2.584363210189621896e-05,-4.440973953023785725e-06
6.703480720520019531e+00,2.816119670867919922e+00,6.311720848083496094e+00,1.000000000000000000e+00,-1.052601055562263355e-05,-3.449435462243855000e-05,-3.165804628224577755e-06
4.542348384857177734e+00,2.244298219680786133e+00,5.597178459167480469e+00,1.000000000000000000e+00,-9.006204891193192452e-06,5.783838787465356290e-06,-2.475664359735674225e-06
4.222680926322937012e-01,5.527070522308349609e+00,5.055734634399414062e+00,1.000000000000000000e+00,-3.241327431169338524e-05,-5.275494913803413510e-05,9.285853593610227108e-06
7.177541851997375488e-01,2.576328516006469727e+00,3.650299549102783203e+00,1.000000000000000000e+00,6.247607234399765730e-05,8.313372381962835789e-05,-6.880879027448827401e-06
6.062881946563720703e+00,3.518784999847412109e+00,3.131099939346313477e-01,1.000000000000000000e+00,-1.044747114065103233e-05,2.028846392931882292e-05,-1.017107479128753766e-06
2.483946382999420166e-01,7.902184724807739258e-01,4.801492691040039062e+00,1.000000000000000000e+00,1.283182064071297646e-04,-4.558484943117946386e-05,-3.220710823370609432e-06
4.305326938629150391e+00,4.362895965576171875e+00,7.634456157684326172e-01,1.000000000000000000e+00,5.722448622691445053e-05,-1.326407345914049074e-05,-2.032736847468186170e-05
1.144003868103027344e+00,6.584195137023925781e+00,1.629882693290710449e+00,1.000000000000000000e+00,-3.354384898557327688e-05,2.047149791906122118e-06,-1.996233550016768277e-06
5.260064125061035156e+00,1.340374827384948730e+00,5.151373386383056641e+00,1.000000000000000000e+00,7.802031177561730146e-06,-8.075367077253758907e-06,-4.218320555082755163e-06
2.888524293899536133e+00,3.197696447372436523e+00,2.945902347564697266e-01,1.000000000000000000e+00,-2.160405419999733567e-04,1.377049557049758732e-05,-1.297577255172654986e-04
6.832203865051269531e+00,7.171617984771728516e+00,1.140673995018005371e+00,1.000000000000000000e+00,3.567415842553600669e-05,4.069127680850215256e-05,1.896708818094339222e-05
2.396475315093994141e+00,7.167726993560791016e+00,5.870800018310546875e+00,1.000000000000000000e+00,1.917079316626768559e-05,-3.001856202899944037e-05,2.252798367408104241e-06
7.465861320495605469e+00,7.421892642974853516e+00,2.708128213882446289e+00,1.000000000000000000e+00,3.016315713466610759e-05,-3.128996468149125576e-05,2.757003301212535007e-07
2.949870228767395020e-01,5.851630687713623047e+00,3.456400871276855469e+00,1.000000000000000000e+00,6.200942152645438910e-05,-2.728192703216336668e-05,-8.953897463470639195e-07
1.534578680992126465e+00,5.202706456184387207e-01,4.207097589969635010e-01,1.000000000000000000e+00,-6.038547871867194772e-05,3.826120155281387269e-05,7.786636160744819790e-06
7.543214559555053711e-01,5.658053398132324219e+00,3.097938060760498047e+00,1.000000000000000000e+00,1.440063897462096065e-05,-7.024787191767245531e-05,-3.178535507686319761e-06
5.005240917205810547e+00,9.606128334999084473e-01,2.921457052230834961e+00,1.000000000000000000e+00,-8.281349437311291695e-05,6.624712113989517093e-05,4.331000582169508561e-06
6.828200340270996094e+00,6.193369388580322266e+00,3.932708978652954102e+00,1.000000000000000000e+00,6.623646913794800639e-05,-2.031610893027391285e-05,-1.193058551507419907e-06
1.760618329048156738e+00,3.627347946166992188e+00,5.831465721130371094e+00,1.000000000000000000e+00,1.787448854884132743e-05,1.477572550356853753e-05,3.269976787123596296e-06
1.251942634582519531e+00,1.042074680328369141e+00,1.734265446662902832e+00,1.000000000000000000e+00,6.141970516182482243e-06,-1.627280835236888379e-05,9.547324225422926247e-06
4.397232055664062500e+00,1.301971554756164551e+00,5.665118217468261719e+00,1.000000000000000000e+00,1.115259010475710966e-06,4.993607217329554260e-05,-1.456494260310137179e-06
7.043269634246826172e+00,3.753151893615722656e+00,7.328217625617980957e-01,1.000000000000000000e+00,7.700895366724580526e-05,-7.758280844427645206e-05,5.008930656913435087e-06
5.166153430938720703e+00,3.616060972213745117e+00,1.739919483661651611e-01,1.000000000000000000e+00,1.618044370843563229e-05,2.186157689720857888e-05,-9.897925338009372354e-06
4.890580654144287109e+00,2.688881158828735352e+00,2.634786605834960938e+00,1.000000000000000000e+00,-6.690204372716834769e-06,3.664531323011033237e-05,3.133674181299284101e-05
7.031786918640136719e+00,5.637350559234619141e+00,4.681508243083953857e-01,9.999831914901733398e-01,-3.484599001239985228e-04,2.783940872177481651e-03,-5.084185395389795303e-03
4.973662793636322021e-01,5.021822452545166016e+00,5.749934673309326172e+00,1.000000000000000000e+00,-1.474155396863352507e-05,-2.714269066927954555e-05,8.669657290738541633e-06
1.887444376945495605e+00,6.170116901397705078e+00,4.277319908142089844e+00,1.000000000000000000e+00,-7.641308911843225360e-06,-2.444317033223342150e-05,1.325017478848167229e-06
3.335998773574829102e+00,6.808302879333496094e+00,1.218859553337097168e+00,1.000000000000000000e+00,-4.829830868402495980e-05,-1.019229875964811072e-05,4.469498890102840960e-06
6.956826686859130859e+00,1.485785722732543945e+00,5.388720512390136719e+00,1.000000000000000000e+00,6.163420766824856400e-05,-7.012570131337270141e-05,-9.153380233328789473e-06
4.840506076812744141e+00,6.476277351379394531e+00,6.836881160736083984e+00,1.000000000000000000e+00,-1.518209774076240137e-05,4.519857156992657110e-06,-5.262311333353864029e-06
2.071156978607177734e+00,7.479394912719726562e+00,3.739091873168945312e+00,1.000000000000000000e+00,-7.919460040284320712e-05,-6.234083411982282996e-05,1.068346932697750162e-06
7.035934925079345703e+00,2.488896250724792480e-01,5.038296222686767578e+00,1.000000000000000000e+00,-9.489643161941785365e-06,8.376945334021002054e-05,-2.397695880063110963e-06
1.619181752204895020e+00,6.115531921386718750e+00,1.786758303642272949e+00,1.000000000000000000e+00,-3.535554787958972156e-05,-5.423579568741843104e-05,-4.910521511192200705e-06
3.671137332916259766e+00,7.307053565979003906e+00,5.103100776672363281e+00,1.000000000000000000e+00,-5.341392807167721912e-06,5.384026735555380583e-05,4.655556651300685189e-08
4.593430995941162109e+00,2.408478975296020508e+00,3.396549224853515625e+00,1.000000000000000000e+00,-7.162064139265567064e-05,1.946405791386496276e-05,2.536897409299854189e-05
4.428869247436523438e+00,2.860111713409423828e+00,3.442765951156616211e+00,1.000000000000000000e+00,6.743139965692535043e-05,7.551254384452477098e-05,2.786519871733617038e-05
1.919893741607666016e+00,3.571271598339080811e-01,7.424269676208496094e+00,1.000000000000000000e+00,-6.792075873818248510e-05,-1.566897299198899418e-05,4.977599928679410368e-06
2.475363731384277344e+00,4.421199798583984375e+00,3.398965120315551758e+00,1.000000000000000000e+00,-2.321850115549750626e-05,6.283813854679465294e-05,-3.750235691768466495e-06
3.762218236923217773e+00,1.288826614618301392e-01,1.381514221429824829e-01,1.000000000000000000e+00,1.598703420313540846e-05,2.290467091370373964e-05,1.354331743641523644e-06
5.252876758575439453e+00,2.649691820144653320e+00,3.801947593688964844e+00,1.000000000000000000e+00,-1.006788079394027591e-05,9.594734365236945450e-06,3.604864468798041344e-05
6.483755111694335938e+00,3.625606060028076172e+00,3.655753374099731445e+00,9.999871253967285156e-01,-3.029533196240663528e-03,-3.170915879309177399e-03,2.549644792452454567e-03
6.996572971343994141e+00,1.388511776924133301e+00,7.380213737487792969e+00,1.000000000000000000e+00,-6.095866638133884408e-07,-3.181377178407274187e-05,1.815663040360959712e-06
4.118822097778320312e+00,1.532692670822143555e+00,3.830695867538452148e+00,1.000000000000000000e+00,-6.287880387390032411e-05,-5.911499101785011590e-06,7.446212293871212751e-06
1.916042119264602661e-01,4.276036262512207031e+00,3.027111053466796875e+00,1.000000000000000000e+00,-3.890588777721859515e-05,-1.599429742782376707e-05,9.036287337949033827e-06
1.248503684997558594e+00,2.363955020904541016e+00,5.256313085556030273e-01,1.000000000000000000e+00,-3.583588841138407588e-05,3.230705624446272850e-05,4.432202786119887605e-06
4.540614128112792969e+00,3.624011039733886719e+00,2.922837972640991211e+00,1.000000000000000000e+00,1.675729254202451557e-05,4.963747051078826189e-05,1.863464058260433376e-05
9.824952483177185059e-01,5.109192371368408203e+00,6.636176109313964844e+00,1.000000000000000000e+00,1.351489572698483244e-05,-2.553294871177058667e-05,3.033929488083231263e-06
7.114667892456054688e+00,5.908132076263427734e+00,7.123641490936279297e+00,1.000000000000000000e+00,4.689365960075519979e-05,-5.917684029554948211e-05,-9.273699106415733695e-06
5.721476554870605469e+00,3.135897636413574219e+00,2.163195848464965820e+00,1.000000000000000000e+00,5.497264737641671672e-06,-3.220194048481062055e-05,3.443723107920959592e-05
5.261634349822998047e+00,1.442901849746704102e+00,6.210421562194824219e+00,1.000000000000000000e+00,5.656539724441245198e-05,-5.549696288653649390e-05,-4.846142019232502207e-06
4.750898838043212891e+00,2.747415781021118164e+00,6.845543980598449707e-01,1.000000000000000000e+00,-1.115961567847989500e-04,-2.387742279097437859e-05,-1.805068495741579682e-05
3.107163190841674805e+00,3.317742049694061279e-01,3.377825021743774414e+00,1.000000000000000000e+00,-1.714280369924381375e-05,1.340277867711847648e-05,4.167425686318892986e-06
7.847246527671813965e-01,1.614894151687622070e+00,6.849761486053466797e+00,1.000000000000000000e+00,1.731805468807579018e-06,2.197616231569554657e-05,1.840238610384403728e-06
2.213347911834716797e+00,4.177377223968505859e+00,4.795621931552886963e-01,9.999999403953552246e-01,9.598843462299555540e-05,3.342389536555856466e-04,2.298825274920091033e-04
2.962942607700824738e-02,6.849853992462158203e+00,2.103161439299583435e-02,1.000000000000000000e+00,-1.552635148982517421e-05,-6.321358796412823722e-06,3.887726052198559046e-05
6.386746764183044434e-01,5.886446237564086914e-01,6.573848247528076172e+00,1.000000000000000000e+00,3.134800635962164961e-06,1.521831836726050824e-05,2.638580099301179871e-06
1.173310279846191406e+00,6.723784923553466797e+00,1.180263161659240723e+00,1.000000000000000000e+00,-1.732247983454726636e-05,-9.154225153906736523e-06,1.597548475729126949e-06
2.427364110946655273e+00,5.509085655212402344e+00,3.195578098297119141e+00,1.000000000000000000e+00,1.640806476643774658e-05,-1.047179830493405461e-05,-2.964692839668714441e-06
4.082365989685058594e+00,5.808643698692321777e-01,1.524955987930297852e+00,1.000000000000000000e+00,2.946128370240330696e-05,3.715023524364369223e-07,4.895495749224210158e-06
6.356674671173095703e+00,4.892402648925781250e+00,8.631327748298645020e-01,1.000000000000000000e+00,-1.906308170873671770e-05,7.486267713829874992e-05,3.353074362166807987e-06
2.980803728103637695e+00,6.130360603332519531e+00,2.425894260406494141e+00,1.000000000000000000e+00,1.890679413918405771e-05,-3.746623406186699867e-05,1.334855255663569551e-06
2.193753242492675781e+00,3.160833120346069336e+00,1.147791743278503418e+00,9.999993443489074707e-01,8.737047319300472736e-04,-6.869526696391403675e-04,4.100336227566003799e-04
6.819456577301025391e+00,2.511388063430786133e+00,1.121910452842712402e+00,1.000000000000000000e+00,2.080487604416703107e-07,-2.801809023367241025e-05,2.444092842779355124e-06
1.922194004058837891e+00,3.690839767456054688e+00,4.431976675987243652e-01,1.000000000000000000e+00,-5.927995152887888253e-05,2.132187946699559689e-04,2.937666431535035372e-05
6.280055046081542969e+00,2.381977081298828125e+00,2.470124483108520508e+00,1.000000000000000000e+00,-9.034256436279974878e-06,-4.143249316257424653e-05,1.966886520676780492e-05
2.447707176208496094e+00,6.812439441680908203e+00,6.218461990356445312e+00,1.000000000000000000e+00,-7.593976624775677919e-05,-3.526084401528351009e-05,2.046861482085660100e-06
5.010437488555908203e+00,4.053531646728515625e+00,8.293457627296447754e-01,1.000000000000000000e+00,4.928442285745404661e-05,-7.957884008646942675e-06,-1.534642251499462873e-05
2.659320235252380371e-01,2.948897480964660645e-01,4.904837131500244141e+00,1.000000000000000000e+00,6.842817674623802304e-05,-1.338547735940665007e-04,1.099245309887919575e-05
1.391155600547790527e+00,2.081717967987060547e+00,1.014048695564270020e+00,1.000000000000000000e+00,-3.285643470007926226e-05,-2.164386751246638596e-05,1.686829637037590146e-05
6.436918735504150391e+00,7.206685066223144531e+00,2.078317880630493164e+00,1.000000000000000000e+00,2.002628752961754799e-05,4.499108035815879703e-05,3.491637556862769998e-08
5.851665496826171875e+00,3.407854139804840088e-01,2.565697193145751953e+00,1.000000000000000000e+00,-8.776481990935280919e-06,2.890252108045388013e-05,-2.879283158563339384e-07
4.204165458679199219e+00,6.115949153900146484e+00,3.647946834564208984e+00,1.000000000000000000e+00,-7.840213584131561220e-06,1.880659874586854130e-05,-4.448327217687619850e-06
2.181247472763061523e+00,2.123671293258666992e+00,1.758428066968917847e-01,1.000000000000000000e+00,1.787646397133357823e-05,-8.445412822766229510e-05,5.153360689291730523e-06
3.493627071380615234e+00,4.634358286857604980e-01,2.469993352890014648e+00,1.000000000000000000e+00,-5.483351287693949416e-06,7.337263014051131904e-06,6.007582669553812593e-06
2.024238109588623047e-01,3.495507478713989258e+00,5.569007396697998047e-01,1.000000000000000000e+00,4.746556078316643834e-05,-2.729562584136147052e-05,-3.996123325578082586e-07
5.689659118652343750e+00,2.163163423538208008e+00,2.918993949890136719e+00,1.000000000000000000e+00,-2.286821472807787359e-05,-3.560301820471067913e-06,2.683813363546505570e-05
1.800161123275756836e+00,2.406808614730834961e+00,4.887748241424560547e+00,1.000000000000000000e+00,-1.147960028902161866e-05,3.905700214090757072e-05,1.999301048272172920e-06
5.032015323638916016e+00,1.632503867149353027e+00,2.543598890304565430e+00,1.000000000000000000e+00,-9.095006134884897619e-06,6.111894617788493633e-05,1.130731288867536932e-05
4.321858406066894531e+00,6.214337825775146484e+00,2.704124152660369873e-01,1.000000000000000000e+00,-7.850272231735289097e-05,-3.585675221984274685e-05,-1.064419876684041810e-07
5.277850627899169922e-01,3.921953678131103516e+00,5.789520263671875000e+00,1.000000000000000000e+00,-5.743685051129432395e-06,-2.526334901631344110e-05,7.187145001807948574e-06
1.639638543128967285e-01,5.270485877990722656e+00,3.415907382965087891e+00,1.000000000000000000e+00,-5.710003460990265012e-05,-9.537830010231118649e-06,7.614156857016496360e-06
4.299311637878417969e+00,7.365104675292968750e+00,6.357197761535644531e+00,1.000000000000000000e+00,-2.074212170555256307e-05,4.763617107528261840e-05,-1.389597400702768937e-06
6.708454132080078125e+00,4.425793170928955078e+00,4.356277942657470703e+00,1.000000000000000000e+00,-1.057344561559148133e-04,-9.466017218073830009e-05,1.121904642786830664e-04
1.709753274917602539e+00,3.572835445404052734e+00,4.228306293487548828e+00,1.000000000000000000e+00,1.151326159742893651e-05,3.933056359528563917e-05,4.030239324492868036e-06
4.376929283142089844e+00,7.431943416595458984e+00,1.427440762519836426e+00,1.000000000000000000e+00,-3.672801540233194828e-05,-3.409223791095428169e-05,4.493315941545006353e-07
